gene	equivalence_class_id	variants	consequence	class_current	blocking_reason	gap_to_LP
BRCA2	ec_1dda52928468d77d	11371	inframe_deletion	VUS	MISSING_FUNCTIONAL	4
BRCA2	ec_77b3988d54236b22	9422	nonsense	LP	RESOLVED_NOT_BLOCKED	
BRCA2	ec_e5047cc076e493d6	8672	intronic	VUS	MISSING_FUNCTIONAL	6
BRCA2	ec_00d21dca39f26a18	8180	synonymous	VUS	MISSING_FUNCTIONAL	6
BRCA2	ec_0f52e83b45dda35a	2888	inframe_deletion	VUS	MISSING_FUNCTIONAL	2
BRCA2	ec_8213eafc5b68f2a9	2763	frameshift	LP	RESOLVED_NOT_BLOCKED	
BRCA2	ec_67aafe13220c3783	1248	splice_region	VUS	MISSING_FUNCTIONAL	6
BRCA2	ec_e9c4f5b594642dac	648	nonsense	VUS	MISSING_FUNCTIONAL	4
BRCA2	ec_2f7e2c15dae39dfd	208	splice_acceptor	VUS	MISSING_FUNCTIONAL	6
BRCA2	ec_ec6f6a3422ea7a05	208	splice_donor	VUS	MISSING_FUNCTIONAL	6
BRCA2	ec_cf57d3482e494547	190	inframe_deletion	VUS	MISSING_FUNCTIONAL	4
BRCA2	ec_9d0ef960b4485ead	181	frameshift	VUS	MISSING_FUNCTIONAL	4
BRCA2	ec_1e3cd2c32fbc5e20	175	nonsense	LP	RESOLVED_NOT_BLOCKED	
BRCA2	ec_cdb8bcae791d95b3	150	inframe_deletion	VUS	MISSING_FUNCTIONAL	2
BRCA2	ec_26ebb8eed67dc6d3	148	splice_region	VUS	MISSING_FUNCTIONAL	6
BRCA2	ec_674fb5ef5a21edf7	67	start_lost	VUS	MISSING_FUNCTIONAL	4
BRCA2	ec_8d2d81fc8514a0bc	61	stop_lost	VUS	MISSING_FUNCTIONAL	4
BRCA2	ec_914e1f7214263577	6	nonsense	VUS	MISSING_FUNCTIONAL	4
BRCA2	ec_610c55bfd9f9a3ee	2	stop_retained	VUS	MISSING_FUNCTIONAL	6
BRCA2	ec_000003393ade97ba	1	missense	VUS	MISSING_FUNCTIONAL	6
